20120420 00:00,670,670,670,670,0
20120421 00:00,670,670,670,670,0
20120423 00:00,666.3,672.672,666.032,671.2,0
20120424 00:00,671.225,677.331,664.9,667.9,0
20120425 00:00,667.986,671.506,652.15,661.95,0
20120426 00:00,662,673.975,655.8,667.95,0
20120427 00:00,667.9,683.19,667.5,682.6,0
20120429 00:00,680.6,682.712,680.6,682.712,0
20120430 00:00,682.6,684.332,675.35,682.9,0
20120501 00:00,682.993,685.65,674.95,679.617,0
20120502 00:00,679.64,681.25,666.5,668.65,0
20120503 00:00,668.7,670.2,659.85,662.093,0
20120504 00:00,662.066,665.511,649.493,650.9,0
20120506 00:00,649.4,652.15,647.046,648.238,0
20120507 00:00,648.262,654.917,643.652,647.697,0
20120508 00:00,647.721,651.6,619.7,622.3,0
20120509 00:00,622.25,625,609.179,614.35,0
20120510 00:00,614.4,622.247,611.5,614.312,0
20120511 00:00,614.288,616.8,600.104,602.4,0
20120512 00:00,602.4,602.4,602.4,602.4,0
20120513 00:00,602.6,602.6,602.6,602.6,0
20120515 00:00,595,596.603,591.6,595.6,0
20120516 00:00,595.576,600.365,587.45,595.95,0
20120517 00:00,595.9,609.85,595.35,602.7,0
20120518 00:00,602.65,612.106,595.75,604.15,0
20120520 00:00,604.1,605.95,600.6,601.633,0
20120521 00:00,601.6,619.424,600.775,615.7,0
20120522 00:00,615.661,617.05,607.15,610.548,0
20120523 00:00,610.52,611.75,586.6,591.85,0
20120524 00:00,591.8,601.15,583.35,588.137,0
20120525 00:00,588.104,595.579,583.7,591.15,0
20120527 00:00,589.6,591.75,588.15,590,0
20120528 00:00,590.05,608.5,588.75,604.3,0
20120529 00:00,604.35,613.82,598.7,604.2,0
20120530 00:00,604.15,608.895,590.3,608.175,0
20120531 00:00,608.151,614.228,601.4,609.685,0
20120601 00:00,609.755,615.912,596.85,612.775,0
20120602 00:00,612.775,612.775,612.775,612.775,0
20120603 00:00,612.775,612.775,609.978,610.95,0
20120604 00:00,610.9,615.37,604.919,613.925,0
20120605 00:00,613.882,624.335,610.528,621.935,0
20120606 00:00,622.025,632.421,619.9,627.546,0
20120607 00:00,627.625,632.165,619.875,628.016,0
20120608 00:00,627.713,627.713,608.147,614,0
20120610 00:00,614.05,622.9,613.715,622.51,0
20120611 00:00,622.592,629.874,617.95,619.986,0
20120612 00:00,619.945,626.12,614.729,622.715,0
20120613 00:00,622.675,627.311,616.937,618.493,0
20120614 00:00,618.588,639.009,617.288,638.63,0
20120615 00:00,638.671,641.013,623.718,628.2,0
20120617 00:00,628.2,631.045,628.125,629.95,0
20120618 00:00,630,635.85,625.935,633.115,0
20120619 00:00,633.165,636.85,626.02,629.792,0
20120620 00:00,629.834,631.247,614.131,621.5,0
20120621 00:00,621.55,621.7,605.15,606.4,0
20120622 00:00,606.35,610.6,604.1,607.2,0
20120624 00:00,608.215,608.72,605.6,606,0
20120625 00:00,606.05,610.66,603.45,605.59,0
20120626 00:00,605.53,605.95,590.86,594.8,0
20120627 00:00,594.75,596.1,574.175,579.45,0
20120628 00:00,579.4,581.4,560.68,565.642,0
20120629 00:00,565.591,587.5,565.224,583.005,0
20120701 00:00,583.005,584.8,582.2,584.8,0
20120702 00:00,584.85,586.025,575.937,576.65,0
20120703 00:00,576.85,599.965,574.795,599.488,0
20120704 00:00,599.432,605.48,594.2,596.578,0
20120705 00:00,596.534,601.543,584.602,585.195,0
20120706 00:00,585.246,588.26,574.85,576.9,0
20120708 00:00,576.9,580.13,575.15,577.791,0
20120709 00:00,577.735,584.648,575.1,583.055,0
20120710 00:00,583.005,587.1,574.237,576.465,0
20120711 00:00,576.507,583.415,576.066,579.1,0
20120712 00:00,579.05,582.75,571.7,579.57,0
20120713 00:00,579.625,585.285,577.74,583.45,0
20120715 00:00,583.45,584.75,583.45,584.1,0
20120716 00:00,584.05,584.36,575.81,579.35,0
20120717 00:00,579.4,586.225,575,581.35,0
20120718 00:00,581.3,581.85,575.16,577.05,0
20120719 00:00,577.15,586.05,577.116,585.85,0
20120720 00:00,585.8,585.8,574.146,575.614,0
20120722 00:00,575.614,577.94,575.023,575.023,0
20120723 00:00,574.979,576.048,563.256,573.185,0
20120724 00:00,573.24,574.995,556.196,564.057,0
20120725 00:00,563.949,569.042,560.868,565.826,0
20120726 00:00,565.869,574.85,564.79,570.744,0
20120727 00:00,570.688,579.584,569.836,578.2,0
20120729 00:00,578.2,579.148,577.551,577.928,0
20120730 00:00,578,589.757,569.368,588.184,0
20120731 00:00,588.139,593.555,587.094,588.07,0
20120801 00:00,588.02,591.932,579.9,583.354,0
20120802 00:00,583.411,588.625,566.662,568.705,0
20120803 00:00,568.645,582.93,567.968,579.381,0
20120805 00:00,579.381,579.381,574.549,576.974,0
20120806 00:00,576.925,582.486,573.729,579.352,0
20120807 00:00,579.311,589.2,579.073,585.963,0
20120808 00:00,585.87,588.4,581.88,587.85,0
20120809 00:00,587.95,590.444,584.305,586.394,0
20120810 00:00,586.341,587.37,575.89,582.5,0
20120812 00:00,582.5,582.5,580.05,581.63,0
20120813 00:00,581.55,583.068,572.672,574.95,0
20120814 00:00,575.001,581.05,573.708,579.64,0
20120815 00:00,579.691,580.932,573.615,575.801,0
20120816 00:00,575.743,588.15,575.083,582.738,0
20120817 00:00,582.782,608.175,582.782,607.676,0
20120819 00:00,607.676,608.455,605.15,607.058,0
20120820 00:00,607.135,608.971,597.777,607.799,0
20120821 00:00,607.2,626.149,600.965,625.649,0
20120822 00:00,625.6,634.912,622.506,632.247,0
20120823 00:00,632.298,657.836,629.802,652.922,0
20120824 00:00,652.976,656.739,635.768,652,0
20120826 00:00,652,655.879,652,654.709,0
20120827 00:00,654.78,656.17,645.555,652.12,0
20120828 00:00,652.079,652.079,634.37,635.14,0
20120829 00:00,635.067,638.393,629.285,629.43,0
20120830 00:00,629.271,635.731,612.925,618.31,0
20120831 00:00,618.362,629.197,608.1,629.021,0
20120902 00:00,628.96,629.543,628.513,629.517,0
20120903 00:00,629.559,636.9,628.298,633.481,0
20120904 00:00,633.523,644.169,632.4,642.621,0
20120905 00:00,642.671,646.762,633.105,642.161,0
20120906 00:00,642.063,652.025,641.065,645.547,0
20120907 00:00,645.496,656.1,639.94,653.568,0
20120909 00:00,653.7,653.8,652.9,653.8,0
20120910 00:00,653.75,672.732,653,669.107,0
20120911 00:00,669.052,678.427,666.98,670.35,0
20120912 00:00,670.3,682.95,665.832,678.803,0
20120913 00:00,678.75,695.5,676.253,689.329,0
20120914 00:00,689.371,705.355,686.205,696.4,0
20120915 00:00,696.4,696.4,696.4,696.4,0
20120916 00:00,696.4,700.028,693.21,699.117,0
20120917 00:00,699.073,699.581,676.6,679.779,0
20120918 00:00,679.728,686.137,663.715,664.8,0
20120919 00:00,664.7,676.45,663.305,672.3,0
20120920 00:00,672.25,672.25,657.005,664.045,0
20120921 00:00,664.115,677.34,664.115,672.9,0
20120923 00:00,672.9,672.9,665.52,666.985,0
20120924 00:00,667.029,667.1,634.9,645.2,0
20120925 00:00,645.05,648.7,635.47,638.5,0
20120926 00:00,638.55,640.85,617.067,628.635,0
20120927 00:00,628.587,637.417,626.338,637.2,0
20120928 00:00,637.3,643.61,635.5,637.2,0
20120930 00:00,637.2,637.65,630.55,632.675,0
20121001 00:00,632.632,658.091,626.928,643.09,0
20121002 00:00,643.045,656,641.305,650.712,0
20121003 00:00,650.668,658.034,646.84,655.142,0
20121004 00:00,655.188,676.66,653.655,669.841,0
20121005 00:00,669.888,672.995,658.12,661.7,0
20121007 00:00,661.15,661.3,648.36,657.86,0
20121008 00:00,657.917,659.1,648.432,658.382,0
20121009 00:00,658.427,666.5,654.448,655.605,0
20121010 00:00,655.65,657.162,648.085,648.71,0
20121011 00:00,648.8,656.66,646.39,651.97,0
20121012 00:00,652.03,653.265,633.28,634.65,0
20121014 00:00,634.65,634.65,629.805,630.275,0
20121015 00:00,630.195,642.91,626.275,633.12,0
20121016 00:00,633.17,642.407,632.725,641.522,0
20121017 00:00,641.576,654.399,639.963,651.305,0
20121018 00:00,651.35,655.85,642.6,644.64,0
20121019 00:00,644.69,645.855,620.933,625.474,0
20121021 00:00,625.474,625.474,622.359,624.449,0
20121022 00:00,624.497,631.469,618.89,625.869,0
20121023 00:00,625.917,626.15,590.981,600.3,0
20121024 00:00,600.35,603.4,587.895,595.509,0
20121025 00:00,595.586,609.836,595.539,606.112,0
20121026 00:00,606.067,609.074,594.8,596.35,0
20121028 00:00,596.35,597.805,595.8,597.34,0
20121029 00:00,597.395,601.815,587.21,590.4,0
20121030 00:00,590.5,598.376,588,595.1,0
20121031 00:00,595.15,612.065,594.3,607.387,0
20121101 00:00,607.429,618.089,606.945,611.03,0
20121102 00:00,610.989,612.568,599.435,600.85,0
20121104 00:00,600.03,604.327,600.03,604.327,0
20121105 00:00,604.282,613.179,596.485,613.003,0
20121106 00:00,613.048,621.733,610.923,615.376,0
20121107 00:00,615.45,625.45,602.92,612.17,0
20121108 00:00,612.12,616.525,605.178,614.911,0
20121109 00:00,614.964,618.576,605.942,607.15,0
20121111 00:00,607.435,608.675,607.14,608.28,0
20121112 00:00,608.33,614.585,606.295,607.195,0
20121113 00:00,607.153,638.041,603.232,635.25,0
20121114 00:00,635.3,649.77,633.978,633.978,0
20121115 00:00,633.937,642.135,628.75,632.854,0
20121116 00:00,632.933,633.305,620.164,627.15,0
20121118 00:00,628.1,629.232,628.1,629.232,0
20121119 00:00,629.279,646.546,627.835,641.656,0
20121120 00:00,641.707,644.71,634.55,636.4,0
20121121 00:00,636.55,654.835,630.9,646.648,0
20121122 00:00,646.729,657.69,646.729,654.95,0
20121123 00:00,655,669.821,652.784,668.86,0
20121125 00:00,665.75,666.404,665.506,665.546,0
20121126 00:00,665.618,671.147,659.7,664.892,0
20121127 00:00,664.831,672.744,664.21,668.697,0
20121128 00:00,668.651,674.45,646.43,673.278,0
20121129 00:00,673.333,690.64,668.205,683.827,0
20121130 00:00,683.772,691.4,676.09,683.4,0
20121201 00:00,683.4,683.4,683.4,683.4,0
20121202 00:00,683.4,685.67,682.738,684.05,0
20121203 00:00,684.119,692.2,679.198,690.25,0
20121204 00:00,689.897,689.897,678.147,680.555,0
20121205 00:00,680.031,688.827,672.743,685.01,0
20121206 00:00,684.955,699.393,682.39,693.63,0
20121207 00:00,693.671,701.394,687.905,698.15,0
20121209 00:00,698.15,698.15,696.286,696.641,0
20121210 00:00,696.69,705.17,694.266,700.859,0
20121211 00:00,700.802,701.673,692.46,693.651,0
20121212 00:00,693.61,701.044,692.772,693.625,0
20121213 00:00,693.575,693.575,679.938,691.4,0
20121214 00:00,691.35,704.285,690.216,702.15,0
20121216 00:00,703.375,703.914,702.758,702.758,0
20121217 00:00,702.705,702.774,694.509,699.1,0
20121218 00:00,699.05,703.44,686.9,691.27,0
20121219 00:00,691.185,699.25,686.825,693.634,0
20121220 00:00,693.588,696.026,672.93,681.55,0
20121221 00:00,681.5,686.49,673.1,680.3,0
20121223 00:00,681.655,683.11,681.527,683.11,0
20121224 00:00,683.32,689.55,681.315,686.15,0
20121226 00:00,686.15,692.75,685.985,690.45,0
20121227 00:00,690.5,710.05,689.7,708.486,0
20121228 00:00,708.432,710.332,694.08,697.85,0
20121230 00:00,696.7,698.25,696.7,697.072,0
20121231 00:00,697.3,706.335,696.1,703.385,0
20130102 00:00,699.334,718.119,699.334,707.1,0
20130103 00:00,707.05,707.27,690.79,693.35,0
20130104 00:00,693.119,693.395,681.15,688.7,0
20130106 00:00,689.9,691.58,689.47,691.112,0
20130107 00:00,691.067,692.035,665.413,672.881,0
20130108 00:00,672.938,679.053,665.224,675.55,0
20130109 00:00,675.5,692.468,674.85,686.763,0
20130110 00:00,686.81,704.928,686.492,698.489,0
20130111 00:00,698.426,704.372,689.886,702.55,0
20130113 00:00,702.57,704.46,702.339,704.418,0
20130114 00:00,704.466,709.712,696.53,703.981,0
20130115 00:00,704.024,720.565,703.293,712.562,0
20130116 00:00,712.613,727.76,705.878,722.69,0
20130117 00:00,722.82,729.593,717.855,723.347,0
20130118 00:00,723.392,732.818,713.758,720.3,0
20130120 00:00,721.42,723.396,720.666,722.651,0
20130121 00:00,722.733,723.484,714.874,717.688,0
20130122 00:00,717.733,732.226,716.91,726.832,0
20130123 00:00,726.885,728.737,722.462,724.021,0
20130124 00:00,724.105,728.551,716.63,726.682,0
20130125 00:00,726.506,741.988,723.104,741.45,0
20130127 00:00,739.58,742.337,739.58,742.252,0
20130128 00:00,742.295,749.233,734.434,737.66,0
20130129 00:00,737.725,751.85,737.725,751.265,0
20130130 00:00,751.308,760.544,746.728,749.335,0
20130131 00:00,749.379,751.312,735.793,743.785,0
20130201 00:00,743.737,758.545,739.763,756.35,0
20130203 00:00,756.35,758.05,755.9,758.018,0
20130204 00:00,757.955,761.954,748.742,758.5,0
20130205 00:00,758.45,769.02,747.7,765.59,0
20130206 00:00,765.54,773.2,758.4,764.358,0
20130207 00:00,764.414,768.477,747.601,750.208,0
20130208 00:00,750.261,758.206,740.445,754.45,0
20130210 00:00,752.105,754.586,752.105,754.131,0
20130211 00:00,754.041,762.157,744.61,757.97,0
20130212 00:00,758.015,774.584,752.73,773.499,0
20130213 00:00,773.457,777.516,764.131,765.287,0
20130214 00:00,765.336,772.501,761.581,764.504,0
20130215 00:00,764.549,765.671,748.335,756.15,0
20130217 00:00,758.205,762.13,757.525,761.81,0
20130218 00:00,761.755,764.95,751.056,764.95,0
20130219 00:00,764.95,767.295,760.774,764.298,0
20130220 00:00,764.343,766.274,729.158,741.215,0
20130221 00:00,741.129,741.129,709.525,734.73,0
20130222 00:00,735.311,741.107,728.368,738.3,0
20130224 00:00,738.595,738.869,738.292,738.605,0
20130225 00:00,738.646,752.214,735.26,739.49,0
20130226 00:00,739.447,746.628,729.365,744.301,0
20130227 00:00,744.345,750.678,735.966,745.655,0
20130228 00:00,745.588,748.907,725.845,729.804,0
20130301 00:00,729.851,730.318,714.55,721.1,0
20130303 00:00,719.64,723.903,719.64,723.283,0
20130304 00:00,723.223,725.268,711.888,716.915,0
20130305 00:00,716.869,737.573,716.702,737.344,0
20130306 00:00,737.388,747.7,736.3,744.646,0
20130307 00:00,744.6,760.325,743.403,758.751,0
20130308 00:00,758.804,786.971,756.742,783.1,0
20130310 00:00,782.54,782.775,780.309,780.445,0
20130311 00:00,780.505,783.48,769.754,779.7,0
20130312 00:00,779.95,779.95,770.275,772.881,0
20130313 00:00,772.881,776.3,767.55,771.035,0
20130314 00:00,771.11,772,756.605,769.979,0
20130315 00:00,769.979,775.602,768.869,775.3,0
20130317 00:00,776.973,777.48,764.747,765.904,0
20130318 00:00,765.95,767.881,752.751,763.39,0
20130319 00:00,763.39,765.575,727.159,737.732,0
20130320 00:00,737.773,763.496,733.1,759.232,0
20130321 00:00,759.272,766.897,753.255,754.764,0
20130322 00:00,754.719,761.901,750.495,761.15,0
20130324 00:00,761.85,761.9,755.4,759.65,0
20130325 00:00,759.75,765.312,756,759.2,0
20130326 00:00,759.25,764.84,753.72,764.34,0
20130327 00:00,764.399,770.85,754.235,766.875,0
20130328 00:00,766.95,774.629,761.08,771.35,0
20130331 00:00,771.405,772.305,767.086,768.236,0
20130401 00:00,767.909,784.097,766.985,781.117,0
20130402 00:00,781.074,781.721,764.55,769.9,0
20130403 00:00,769.947,770.027,746.38,748.05,0
20130404 00:00,748,751.48,722.821,725.822,0
20130405 00:00,725.866,733.933,716.448,727.9,0
20130407 00:00,728.45,730.65,727.75,730.534,0
20130408 00:00,730.585,738.39,721.29,732.642,0
20130409 00:00,732.589,737.632,723.597,726.764,0
20130410 00:00,726.806,727.725,705.681,719.842,0
20130411 00:00,719.842,738.163,715.04,732.583,0
20130412 00:00,732.527,732.527,704.703,706.95,0
20130414 00:00,706.345,707.08,701.089,702.182,0
20130415 00:00,702.182,702.589,651.1,655.643,0
20130416 00:00,655.691,687.201,647.107,677.914,0
20130417 00:00,677.83,682.508,658.443,662.555,0
20130418 00:00,662.16,676.353,653.313,667.618,0
20130419 00:00,667.46,681.258,665.107,676.55,0
20130421 00:00,674.805,677.341,674.805,677.341,0
20130422 00:00,677.341,685.075,674.74,679.5,0
20130423 00:00,679.45,680.725,666.695,673.743,0
20130424 00:00,673.7,683.418,666.75,670.071,0
20130425 00:00,670.133,685.088,668.753,683.662,0
20130426 00:00,683.662,686.489,676.303,680.55,0
20130428 00:00,682.815,683.08,680.324,681.249,0
20130429 00:00,681.196,703.005,678.523,702.743,0
20130430 00:00,702.784,703.306,694.846,698.45,0
20130501 00:00,698.368,700.017,672.817,686.067,0
20130502 00:00,685.985,695.835,682.872,694.767,0
20130503 00:00,694.65,704.817,686.322,693,0
20130505 00:00,693.11,693.723,691.582,693.723,0
20130506 00:00,693.723,696.926,689.663,695.074,0
20130507 00:00,695.032,695.236,677.807,681.972,0
20130508 00:00,682.042,698.855,681.313,694.221,0
20130509 00:00,694.285,716.493,690.799,707.785,0
20130510 00:00,707.86,711.642,696.916,707.25,0
20130512 00:00,708.985,709.56,704.543,705.608,0
20130513 00:00,705.868,718.955,700.489,717.629,0
20130514 00:00,717.5,732.162,708.207,729.998,0
20130515 00:00,730.072,730.367,717.446,728.694,0
20130516 00:00,728.647,742.486,715.95,738.097,0
20130517 00:00,738.139,743.266,733.065,738.45,0
20130519 00:00,739.57,741.6,734.89,734.89,0
20130520 00:00,734.84,754.687,732.15,746.85,0
20130521 00:00,746.8,750.095,736.428,745.602,0
20130522 00:00,745.551,754.244,744.85,745.067,0
20130523 00:00,745.125,747.101,734.387,736.84,0
20130524 00:00,736.9,740.33,722.1,726.366,0
20130526 00:00,725.79,729.92,725.79,728.26,0
20130527 00:00,728.365,740.665,728.365,736.934,0
20130528 00:00,736.893,764.065,727.197,753.4,0
20130529 00:00,753.4,754.818,744.81,745.95,0
20130530 00:00,745.45,761.822,745.4,758.9,0
20130531 00:00,758.9,758.9,741.537,750.35,0
20130602 00:00,748.987,748.993,748.323,748.605,0
20130603 00:00,748.55,762.2,747.959,757.077,0
20130604 00:00,757.166,757.602,745.262,751.533,0
20130605 00:00,751.482,759.39,750.771,757.037,0
20130606 00:00,756.996,763.463,750.955,759.85,0
20130607 00:00,759.8,762.062,745.716,756.813,0
20130609 00:00,756.91,757.05,753.38,756.087,0
20130610 00:00,756.177,770.745,753.005,768.162,0
20130611 00:00,768.121,770.183,749.234,751.233,0
20130612 00:00,751.279,759.713,749.745,758.763,0
20130613 00:00,758.722,759.098,725.875,734.005,0
20130614 00:00,733.955,735.34,724.68,731.2,0
20130616 00:00,731.06,731.392,729.272,729.408,0
20130617 00:00,729.452,732.007,712.3,713.791,0
20130618 00:00,713.832,715.324,697.28,711.35,0
20130619 00:00,711.3,713.3,691.125,691.432,0
20130620 00:00,691.574,691.624,656.02,656.085,0
20130621 00:00,655.965,679.68,655.02,676.6,0
20130623 00:00,674.44,676.615,673.63,676.195,0
20130624 00:00,676.285,676.535,649.87,662.7,0
20130625 00:00,662.55,676.153,659.263,664.1,0
20130626 00:00,664.005,666.6,630.6,632.035,0
20130627 00:00,631.925,655.373,631.475,644.422,0
20130628 00:00,644.347,661.902,633.443,659,0
20130630 00:00,658.015,665.95,657.581,661.661,0
20130701 00:00,661.745,688.43,658.642,683.348,0
20130702 00:00,683.274,695.384,682.507,684.296,0
20130703 00:00,684.253,688.505,680.616,685.265,0
20130704 00:00,685.265,687.835,675.573,677.75,0
20130705 00:00,677.75,682.774,667.775,682.3,0
20130707 00:00,679.86,687.283,679.86,685.977,0
20130708 00:00,686.055,701.768,673.549,692.024,0
20130709 00:00,692.071,704.828,692.071,699.835,0
20130710 00:00,699.795,725.171,697.871,725.108,0
20130711 00:00,725.062,730.823,715.55,723.798,0
20130712 00:00,723.749,724.775,711.077,722.05,0
20130714 00:00,721.595,725.905,721.595,725.895,0
20130715 00:00,726.025,733.429,723.098,732.187,0
20130716 00:00,732.076,737.018,727.116,734.029,0
20130717 00:00,734.071,739.054,730.256,735.41,0
20130718 00:00,735.332,751.996,727.25,743.55,0
20130719 00:00,743.5,749.996,741.708,746.85,0
20130721 00:00,747.44,751.105,747.44,750.457,0
20130722 00:00,750.41,753.674,744.958,746.476,0
20130723 00:00,746.431,747.419,731.293,742.047,0
20130724 00:00,742.101,750.257,735.857,748.39,0
20130725 00:00,748.345,749.229,734.22,739.885,0
20130726 00:00,739.83,742.205,715.6,725.55,0
20130728 00:00,726.725,727.734,724.102,724.387,0
20130729 00:00,724.34,747.318,722.215,740.495,0
20130730 00:00,740.536,743.492,723.762,730.811,0
20130731 00:00,730.859,739.25,722.543,729.027,0
20130801 00:00,728.982,738.145,726.807,730.665,0
20130802 00:00,730.618,735.983,722.03,729.95,0
20130804 00:00,729.07,731.345,729.07,730.729,0
20130805 00:00,730.685,737.224,727.505,731.648,0
20130806 00:00,731.707,732.516,716.81,724.09,0
20130807 00:00,724.04,724.712,712.36,723.237,0
20130808 00:00,723.237,744.8,723.237,739.298,0
20130809 00:00,739.344,743.58,736.622,741.2,0
20130811 00:00,740.95,746.604,740.82,744.173,0
20130812 00:00,744.131,747.095,736.673,737.028,0
20130813 00:00,736.984,742.785,735.857,737.25,0
20130814 00:00,737.2,745,733.75,744.9,0
20130815 00:00,744.955,767.604,743.209,761.76,0
20130816 00:00,761.805,765.634,752.586,762.8,0
20130818 00:00,763.75,763.81,761.315,761.979,0
20130819 00:00,762.024,764.46,748.536,752.882,0
20130820 00:00,752.922,756.654,743.971,747.445,0
20130821 00:00,747.49,750.545,740.86,741.59,0
20130822 00:00,741.545,756.797,740.95,754.478,0
20130823 00:00,754.519,756.102,748.943,751.45,0
20130825 00:00,752.365,755.187,751.07,752.792,0
20130826 00:00,752.697,754.914,743.949,748.76,0
20130827 00:00,748.76,752.061,743.096,746.432,0
20130828 00:00,745.998,749.72,735.399,744.27,0
20130829 00:00,744.227,745,734.25,734.25,0
20130830 00:00,734.25,736.55,719.923,723.3,0
20130901 00:00,723.66,724.3,720.63,721.673,0
20130902 00:00,721.725,729.08,712.93,716.915,0
20130903 00:00,716.865,724.93,714.982,717.35,0
20130904 00:00,717.3,719.2,690.3,691.529,0
20130905 00:00,691.578,696.363,684.772,685.297,0
20130906 00:00,685.36,703.61,684.593,697.25,0
20130908 00:00,696.52,699.085,695.628,696.928,0
20130909 00:00,696.97,699.915,681.31,689.35,0
20130910 00:00,689.3,696.754,683.42,694.579,0
20130911 00:00,694.628,702.755,687.106,692.361,0
20130912 00:00,692.318,695.73,685.221,689.674,0
20130913 00:00,689.725,701.586,686.69,700.55,0
20130915 00:00,702.1,710.85,701.95,708.2,0
20130916 00:00,708.1,714.65,702.952,704.833,0
20130917 00:00,704.776,709.591,697.045,703.682,0
20130918 00:00,703.726,721.019,695.267,720.746,0
20130919 00:00,720.682,738.217,716.893,734.11,0
20130920 00:00,734.053,734.462,715.539,716.55,0
20130922 00:00,720.1,722.397,719.083,720.405,0
20130923 00:00,720.358,720.818,707.28,716.505,0
20130924 00:00,716.551,722.23,711.176,720.157,0
20130925 00:00,720.213,725.871,717.25,722.774,0
20130926 00:00,722.817,725.991,720.117,722.717,0
20130927 00:00,722.762,734.368,720.095,728.85,0
20130929 00:00,730.65,733.835,728.75,729.843,0
20130930 00:00,729.794,732.634,722.426,722.468,0
20131001 00:00,722.405,728.568,713.4,717.424,0
20131002 00:00,717.424,721.914,711.551,719.269,0
20131003 00:00,719.31,720.016,697.277,702.573,0
20131004 00:00,702.529,708.66,691.69,700.45,0
20131006 00:00,699.68,702.52,699.17,701.26,0
20131007 00:00,701.17,705.165,694.795,703.75,0
20131008 00:00,703.8,716.276,702.155,712.614,0
20131009 00:00,712.567,713.205,700.31,702.885,0
20131010 00:00,702.839,712.547,701.014,707.638,0
20131011 00:00,707.594,716.537,707.184,712.45,0
20131013 00:00,713.21,714.07,711.006,711.302,0
20131014 00:00,711.26,718.66,710.316,714.389,0
20131015 00:00,714.339,714.933,702.308,705.123,0
20131016 00:00,705.165,719.066,704.259,716.895,0
20131017 00:00,716.847,740.57,713.115,737.427,0
20131018 00:00,737.427,742.081,734.193,740.85,0
20131020 00:00,741.2,746.401,741.068,745.508,0
20131021 00:00,745.508,751.672,742.067,751.608,0
20131022 00:00,751.561,754.132,742.223,753.353,0
20131023 00:00,753.403,753.544,743.567,744.277,0
20131024 00:00,744.277,750.795,744.113,746.725,0
20131025 00:00,746.667,747.947,733.552,742.85,0
20131027 00:00,743.825,743.95,742.455,742.583,0
20131028 00:00,742.538,750.827,741.06,744.633,0
20131029 00:00,744.633,747.79,740.876,744.918,0
20131030 00:00,744.856,752.1,743.018,744.013,0
20131031 00:00,744.094,745.597,735.337,737.546,0
20131101 00:00,737.502,741.909,732.674,740.65,0
20131103 00:00,740.585,741.205,739.46,740.185,0
20131104 00:00,740.125,749.891,739.577,747.891,0
20131105 00:00,747.939,754.624,742.679,751.925,0
20131106 00:00,751.973,764.498,750.024,763.155,0
20131107 00:00,763.155,764.052,753.078,761.215,0
20131108 00:00,761.257,764.194,753.247,758.65,0
20131110 00:00,758.42,758.9,756.755,757.488,0
20131111 00:00,757.565,758.077,746.457,753.542,0
20131112 00:00,753.478,753.55,738.902,739.052,0
20131113 00:00,739.093,743.4,730.645,735,0
20131114 00:00,735.05,741.615,734.27,738.717,0
20131115 00:00,738.759,743.771,722.904,733.05,0
20131117 00:00,731.045,731.815,730.07,731.15,0
20131118 00:00,731.2,732.5,713.41,713.929,0
20131119 00:00,713.975,725.699,713.026,720.634,0
20131120 00:00,720.576,723.725,709.92,713.75,0
20131121 00:00,713.8,719.739,711.558,712.868,0
20131122 00:00,712.913,725.079,712.913,715.4,0
20131124 00:00,714.91,717.49,713.4,716.16,0
20131125 00:00,716.21,724.617,709.438,720.983,0
20131126 00:00,721.024,724.577,711.884,717.887,0
20131127 00:00,717.929,725.15,714.271,717.1,0
20131128 00:00,717.19,721.602,715.45,715.45,0
20131129 00:00,715.45,724.725,715.45,718.437,0
20131201 00:00,718.225,718.375,716.05,716.24,0
20131202 00:00,716.24,718.745,710.155,713.05,0
20131203 00:00,713.097,716.836,709.411,716.836,0
20131204 00:00,716.885,731.968,713.435,725.637,0
20131205 00:00,725.637,737.471,723.85,734.81,0
20131206 00:00,734.755,742.117,726.129,735,0
20131208 00:00,734.23,735.355,734.23,734.95,0
20131209 00:00,734.9,740.06,731.06,735.492,0
20131210 00:00,735.492,743.115,732.841,738.232,0
20131211 00:00,738.171,741.493,735.603,735.603,0
20131212 00:00,735.652,737.598,714.002,717.465,0
20131213 00:00,717.411,725.205,714.71,716.45,0
20131215 00:00,716.27,716.75,715.875,716.22,0
20131216 00:00,716.165,720.322,713.48,716.84,0
20131217 00:00,716.781,719.869,698.205,700.11,0
20131218 00:00,700.19,710.123,696.893,698.345,0
20131219 00:00,698.397,701.892,694.953,696.688,0
20131220 00:00,696.731,700.937,695.63,698.65,0
20131222 00:00,699.045,699.883,698.655,699.526,0
20131223 00:00,699.467,702.13,693.048,695.67,0
20131224 00:00,695.765,698.5,692.59,695.56,0
20131225 00:00,694.9,695.962,694.716,695.55,0
20131226 00:00,695.35,704.635,694.245,699.267,0
20131227 00:00,699.267,716.906,698.426,712.2,0
20131229 00:00,710.885,714.4,710.675,714.157,0
20131230 00:00,714.198,716.75,708.74,711.069,0
20131231 00:00,711.016,719.005,706.436,717.459,0
20140101 00:00,716.05,717.871,716.05,717.871,0
20140102 00:00,717.912,732.583,717.225,730.639,0
20140103 00:00,730.639,733.291,725.313,727.35,0
20140105 00:00,730.555,731.058,729.426,730.471,0
20140106 00:00,730.43,740.3,726.866,739.2,0
20140107 00:00,739.261,743.453,733.608,740.258,0
20140108 00:00,740.202,741.713,733.551,737.237,0
20140109 00:00,737.317,740.948,735.2,737.376,0
20140110 00:00,737.322,748.135,735.008,743.65,0
20140112 00:00,744.21,745.292,743.9,745.292,0
20140113 00:00,745.244,746.69,737.15,741.196,0
20140114 00:00,741.152,741.487,735.012,737.559,0
20140115 00:00,737.515,747.252,733.803,742.222,0
20140116 00:00,742.268,746.046,738.006,742.969,0
20140117 00:00,743.01,753.169,741.426,747.7,0
20140119 00:00,748.915,750.43,748.105,749.329,0
20140120 00:00,749.287,751.922,746.161,748.147,0
20140121 00:00,748.104,749.825,740.843,748,0
20140122 00:00,747.95,749.406,743.1,747.307,0
20140123 00:00,747.262,748.49,742.217,745.85,0
20140124 00:00,745.85,748.235,733.305,735.55,0
20140126 00:00,735.545,735.905,734.76,735.83,0
20140127 00:00,735.765,737.4,721.925,722.458,0
20140128 00:00,722.5,725.916,714.651,716.106,0
20140129 00:00,716.051,722.55,708.35,715.837,0
20140130 00:00,715.792,718.438,705.828,707.374,0
20140131 00:00,707.326,709.3,701.124,704.15,0
20140202 00:00,703.595,704.155,703.245,703.872,0
20140203 00:00,703.799,713.74,701.444,702.827,0
20140204 00:00,702.775,705.254,696.579,702.752,0
20140205 00:00,702.842,718.181,702.151,708.348,0
20140206 00:00,708.397,716.368,708.168,710.217,0
20140207 00:00,710.282,715.543,709.137,710.45,0
20140209 00:00,711.575,712.705,710.238,710.238,0
20140210 00:00,710.185,723.323,709.962,716.789,0
20140211 00:00,716.739,724.405,716.739,719.186,0
20140212 00:00,719.138,731.026,718.32,728.707,0
20140213 00:00,728.628,733.409,723.5,732.037,0
20140214 00:00,731.983,741.901,731.567,736.95,0
20140216 00:00,736.985,742.251,736.737,740.304,0
20140217 00:00,740.4,743.02,737.891,741.714,0
20140218 00:00,741.668,741.815,730.71,739.57,0
20140219 00:00,739.681,741.11,732,733.555,0
20140220 00:00,733.495,738.468,729.587,737.602,0
20140221 00:00,737.7,742.888,735.819,740.75,0
20140223 00:00,740.53,740.53,739.625,739.964,0
20140224 00:00,739.92,744.598,735.334,741.811,0
20140225 00:00,741.745,744.572,733.854,737.729,0
20140226 00:00,737.674,738.035,727.525,731.39,0
20140227 00:00,731.347,745.893,726.641,743.058,0
20140228 00:00,742.879,746.774,740.458,743,0
20140302 00:00,743.97,746.074,742.9,745.725,0
20140303 00:00,745.802,750.08,743.258,749.165,0
20140304 00:00,749.114,765.09,744.708,763.642,0
20140305 00:00,763.577,781.236,761.911,771.24,0
20140306 00:00,771.299,783.105,771.102,780.697,0
20140307 00:00,780.639,783.121,771.839,782.25,0
20140309 00:00,781.18,782.055,778.304,779.925,0
20140310 00:00,780.004,781.687,771.91,774.948,0
20140311 00:00,774.998,779.349,764.577,768.141,0
20140312 00:00,768.186,778.588,761.77,775.945,0
20140313 00:00,775.887,779.625,772.016,777.565,0
20140314 00:00,777.524,786.986,767.715,773.45,0
20140316 00:00,773.615,776.061,772.03,774.783,0
20140317 00:00,774.864,780.271,769.405,773.097,0
20140318 00:00,773.14,774.199,758.767,768.485,0
20140319 00:00,768.538,773.204,762.226,765.523,0
20140320 00:00,765.458,772.03,746.143,769.65,0
20140321 00:00,769.589,799.149,768.062,794.05,0
20140323 00:00,794.665,797.115,794.635,795.58,0
20140324 00:00,795.538,801.778,781.748,795.018,0
20140325 00:00,794.878,796.864,783.144,787.761,0
20140326 00:00,787.676,787.676,774.484,780.373,0
20140327 00:00,780.298,780.521,756.276,761.011,0
20140328 00:00,760.967,774.829,759.82,774.65,0
20140330 00:00,774.276,774.276,773.226,773.438,0
20140331 00:00,773.506,779.986,770.985,774.292,0
20140401 00:00,774.337,782.423,766.698,779.308,0
20140402 00:00,779.367,790.7,777.2,786.924,0
20140403 00:00,786.965,791.911,782.691,786.593,0
20140404 00:00,786.552,792.515,783.399,790.35,0
20140406 00:00,789.822,791.385,788.538,791.385,0
20140407 00:00,791.441,791.509,761.479,767.533,0
20140408 00:00,767.484,779.167,767.043,775.866,0
20140409 00:00,775.991,784.105,774.076,783.186,0
20140410 00:00,783.12,794.434,779.95,788.768,0
20140411 00:00,788.724,812.1,785.092,804.85,0
20140413 00:00,808.526,814.046,808.381,811.888,0
20140414 00:00,811.93,816.723,808.205,808.26,0
20140415 00:00,808.212,808.392,786.673,793.418,0
20140416 00:00,793.47,803.988,790.22,802.227,0
20140417 00:00,802.271,808.575,793.26,796.25,0
20140420 00:00,801.19,801.618,795.455,795.455,0
20140421 00:00,795.138,797.261,764.7,780.55,0
20140422 00:00,780.602,789.684,779.036,785.598,0
20140423 00:00,785.54,787.347,782.768,786.4,0
20140424 00:00,786.445,805.024,777.938,801.271,0
20140425 00:00,801.196,812.389,800.502,810.55,0
20140427 00:00,810.125,812.08,809.524,809.891,0
20140428 00:00,809.937,813.575,794.719,801.575,0
20140429 00:00,801.534,809.338,795.463,806.485,0
20140430 00:00,806.442,812.696,798.309,809.45,0
20140501 00:00,809.404,819.068,806.433,813.747,0
20140502 00:00,813.791,819.35,808.335,811.4,0
20140504 00:00,811.689,813.42,811.316,813.413,0
20140505 00:00,813.357,818.212,809.334,814.553,0
20140506 00:00,814.459,821.404,812.35,816.053,0
20140507 00:00,816,818.815,795.662,799.697,0
20140508 00:00,799.737,807.134,797.414,804.462,0
20140509 00:00,804.415,806.259,798.288,801.45,0
20140511 00:00,800.178,800.713,798.92,800.15,0
20140512 00:00,799.075,809.5,796.85,804.309,0
20140513 00:00,804.541,818.519,803.381,816.202,0
20140514 00:00,816.074,829.191,815.218,826.833,0
20140515 00:00,826.772,826.928,810.301,814.2,0
20140516 00:00,814.397,817.654,805.912,815.959,0
20140518 00:00,814.59,816.699,814.22,816.699,0
20140519 00:00,816.626,824.551,814.631,816.667,0
20140520 00:00,816.6,830.313,814.476,826.899,0
20140521 00:00,826.842,834.476,825.553,828.424,0
20140522 00:00,828.35,839.176,827.675,835.071,0
20140523 00:00,835.21,838.565,827.392,830.7,0
20140525 00:00,831.105,832.359,830.894,832.359,0
20140526 00:00,832.359,834.655,828.996,833.04,0
20140527 00:00,833.083,835.714,827.471,833.35,0
20140528 00:00,833.3,845,831.702,836.665,0
20140529 00:00,836.604,840.205,827.691,835.592,0
20140530 00:00,835.635,837.496,829.565,837.25,0
20140601 00:00,835.78,836.739,834.893,835.23,0
20140602 00:00,835.187,837.221,830.811,831.988,0
20140603 00:00,831.912,839.05,831.912,837.77,0
20140604 00:00,837.68,838.033,832.975,836.538,0
20140605 00:00,836.582,840.003,833.169,839.025,0
20140606 00:00,839.074,846.25,836.804,845.75,0
20140608 00:00,844.81,846.314,844.8,845.033,0
20140609 00:00,844.976,846.1,840.267,841.643,0
20140610 00:00,841.601,855.85,841.326,852.615,0
20140611 00:00,852.775,864.112,851.88,859.115,0
20140612 00:00,859.074,863.15,818.809,829.851,0
20140613 00:00,829.803,831.203,807.305,814.6,0
20140615 00:00,816.417,823.547,816.417,823.105,0
20140616 00:00,823.059,823.108,808.635,812.646,0
20140617 00:00,812.697,819.537,808.098,817.844,0
20140618 00:00,817.776,833.877,817.236,827.785,0
20140619 00:00,827.743,838.862,825.92,835.877,0
20140620 00:00,835.934,837.533,819.082,821.946,0
20140622 00:00,820.375,822.938,819.95,821.506,0
20140623 00:00,821.585,823.231,810.71,820.384,0
20140624 00:00,820.342,834.52,820.023,828.14,0
20140625 00:00,828.083,834.484,822.227,831.817,0
20140626 00:00,831.763,837.505,827.708,835.419,0
20140627 00:00,835.46,843.609,835.46,842.55,0
20140629 00:00,842.518,843.561,840.94,840.94,0
20140630 00:00,840.637,847.729,840.316,843.928,0
20140701 00:00,843.88,855.208,843.075,851.73,0
20140702 00:00,851.78,862.152,849.529,855.935,0
20140703 00:00,856.067,866.464,848.759,858.884,0
20140704 00:00,858.694,866.835,856.192,865.365,0
20140706 00:00,864.725,865.395,863.688,864.558,0
20140707 00:00,864.424,869.25,861.288,866.799,0
20140708 00:00,866.744,875.404,865.67,873.085,0
20140709 00:00,873.009,875.519,869.95,872.93,0
20140710 00:00,872.872,877.162,861.35,871.717,0
20140711 00:00,871.76,875.295,864.876,874.05,0
20140713 00:00,873.903,874.414,873.47,874.058,0
20140714 00:00,874.011,874.268,867.382,871.994,0
20140715 00:00,872.117,875.366,862.47,868.584,0
20140716 00:00,868.534,876.668,866.487,874.37,0
20140717 00:00,874.435,889.522,874.435,885.751,0
20140718 00:00,885.875,886.567,872.638,881.276,0
20140720 00:00,881.3,882.45,880.13,882.265,0
20140721 00:00,882.386,885.777,874.909,874.927,0
20140722 00:00,874.768,876.072,866.257,872.266,0
20140723 00:00,872.225,877.848,870.612,870.695,0
20140724 00:00,870.747,874.699,866.986,870.981,0
20140725 00:00,871.033,880.26,870.613,880.163,0
20140727 00:00,880.4,880.4,877.917,879.096,0
20140728 00:00,879.031,889.131,877.253,880.676,0
20140729 00:00,880.582,885.948,877.66,881.835,0
20140730 00:00,881.907,882.833,876.809,880.777,0
20140731 00:00,880.822,883.141,869.914,872.514,0
20140801 00:00,872.468,875.331,861.275,865.152,0
20140803 00:00,864.1,864.3,862.738,863.443,0
20140804 00:00,863.369,870.256,853.493,856.253,0
20140805 00:00,856.316,859.03,837.601,847.235,0
20140806 00:00,847.18,851.242,839.876,849.759,0
20140807 00:00,849.805,860.011,846.962,855.266,0
20140808 00:00,855.325,864.084,854.458,860.7,0
20140810 00:00,865.142,865.142,857.927,857.927,0
20140811 00:00,858.053,876.527,857.355,875.414,0
20140812 00:00,875.489,883.718,872.252,878.089,0
20140813 00:00,878.041,882.646,875.418,881.285,0
20140814 00:00,881.15,887.139,877.722,886.284,0
20140815 00:00,886.227,895.799,873.871,894.5,0
20140817 00:00,894.95,895.638,893.734,894.21,0
20140818 00:00,894.138,901.824,891.983,893.553,0
20140819 00:00,893.469,897.21,876.83,881.784,0
20140820 00:00,881.835,882.936,865.1,867,0
20140821 00:00,867.048,881.171,864.781,880.981,0
20140822 00:00,881.075,888.591,880.384,887.8,0
20140825 00:00,885.875,891.15,880.461,887.684,0
20140826 00:00,887.766,889.636,883.962,886.554,0
20140827 00:00,886.428,893.712,884.943,893.199,0
20140828 00:00,893.138,900.125,892.751,895.808,0
20140829 00:00,895.854,908.904,894.75,904.497,0
20140831 00:00,908.84,908.84,907.233,907.561,0
20140901 00:00,907.426,911.719,905.125,908.134,0
20140902 00:00,908.07,908.249,881.073,883.19,0
20140903 00:00,883.29,887.278,869.474,875.29,0
20140904 00:00,875.37,890.652,874.775,886.958,0
20140905 00:00,886.861,891.782,883,890.45,0
20140907 00:00,891.465,891.91,890.192,890.504,0
20140908 00:00,890.457,895.925,881.174,885.102,0
20140909 00:00,885.06,886.964,856.573,861.402,0
20140910 00:00,861.485,864.105,845.559,852.432,0
20140911 00:00,852.378,852.691,830.129,832.496,0
20140912 00:00,832.605,837.935,821.238,837.87,0
20140914 00:00,837.069,837.069,834.304,836.852,0
20140915 00:00,836.811,849.78,833.35,836.77,0
20140916 00:00,836.706,846.091,832.442,840.75,0
20140917 00:00,840.85,845.776,831.323,831.949,0
20140918 00:00,832.078,832.775,819.844,830.884,0
20140919 00:00,830.936,832.762,807.585,810.85,0
20140921 00:00,811.725,815.328,811.1,814.692,0
20140922 00:00,814.647,815.992,800.6,803.124,0
20140923 00:00,803.082,818.284,802.489,817.361,0
20140924 00:00,817.3,825.216,814,815.405,0
20140925 00:00,815.077,815.256,795.282,804.312,0
20140926 00:00,804.394,809.419,778.17,781.55,0
20140928 00:00,780.236,783.87,780.236,782.657,0
20140929 00:00,782.593,792.622,778.998,788.095,0
20140930 00:00,788.41,792.786,766.933,771.789,0
20141001 00:00,771.726,784.668,763.325,782.595,0
20141002 00:00,782.696,786.621,767.6,772.666,0
20141003 00:00,772.742,772.803,751.87,755.4,0
20141005 00:00,757.739,757.93,740.296,742.33,0
20141006 00:00,742.399,768.985,735.289,768.688,0
20141007 00:00,768.575,789.385,767.653,786.79,0
20141008 00:00,786.732,804.064,784.426,801.853,0
20141009 00:00,801.77,811.784,791.934,792.591,0
20141010 00:00,792.542,796.39,780.752,785.75,0
20141012 00:00,785.313,790.853,785.313,788.618,0
20141013 00:00,788.831,793.366,781.518,786.548,0
20141014 00:00,786.601,796.499,785.439,785.439,0
20141015 00:00,785.549,791.41,762.013,769.285,0
20141016 00:00,769.182,769.335,729.658,750,0
20141017 00:00,750.062,761.082,744.97,755.95,0
20141019 00:00,755.266,756.65,753.561,755.603,0
20141020 00:00,755.656,764.628,753.719,760.563,0
20141021 00:00,760.514,777.578,758.91,775.726,0
20141022 00:00,775.906,783.5,768.1,771.858,0
20141023 00:00,771.752,783.43,764.894,782.88,0
20141024 00:00,782.796,789.842,778.411,780.55,0
20141026 00:00,780.54,781.53,777.413,779.585,0
20141027 00:00,779.502,788.437,778.726,784.918,0
20141028 00:00,784.87,801.232,780.275,793.575,0
20141029 00:00,793.655,802.635,792.835,793.8,0
20141030 00:00,793.85,793.85,775.297,785.302,0
20141031 00:00,785.344,795.231,771.118,793.5,0
20141102 00:00,792.245,798.219,788.855,797.665,0
20141103 00:00,797.602,808.762,791.769,801.69,0
20141104 00:00,801.64,804.953,784.006,787.201,0
20141105 00:00,787.147,787.147,755.45,760.895,0
20141106 00:00,760.785,761.41,747.04,753.332,0
20141107 00:00,753.223,776.024,749.163,772.25,0
20141109 00:00,771.965,772.08,767.474,769.637,0
20141110 00:00,769.716,776.591,760.657,765.124,0
20141111 00:00,765.171,774.586,755.292,772.697,0
20141112 00:00,772.651,783.629,770.315,775.255,0
20141113 00:00,775.52,780.257,765.236,768.535,0
20141114 00:00,768.385,773.665,752.929,766.35,0
20141116 00:00,765.84,767.288,763.66,764.798,0
20141117 00:00,764.842,775.658,761.82,769.845,0
20141118 00:00,770.005,777.828,766.07,773.847,0
20141119 00:00,773.888,780.243,763.848,764.993,0
20141120 00:00,764.952,773.17,761.967,771.085,0
20141121 00:00,771.155,795.798,770.86,790.35,0
20141123 00:00,791.315,791.785,789.915,791.545,0
20141124 00:00,791.6,800.262,787.154,794.879,0
20141125 00:00,794.932,800.233,790.45,793.217,0
20141126 00:00,793.281,807.21,791.638,807.06,0
20141127 00:00,806.925,808.422,794.047,806.8,0
20141128 00:00,806.75,815.793,799.226,809.857,0
20141130 00:00,809.905,809.905,798.611,804.069,0
20141201 00:00,803.996,812.524,791.965,802.536,0
20141202 00:00,802.591,811.66,796.351,802.485,0
20141203 00:00,804.375,814.17,794.016,797.027,0
20141204 00:00,797.078,806.414,795.734,798.502,0
20141205 00:00,798.552,806.506,797.03,801.35,0
20141207 00:00,803.7,803.935,801.082,803.11,0
20141208 00:00,803.166,807.437,796.472,799.75,0
20141209 00:00,799.804,812.318,796.503,809.743,0
20141210 00:00,809.792,822.533,808.648,816.919,0
20141211 00:00,816.978,822.914,814.311,819.631,0
20141212 00:00,819.587,819.628,812.915,815.85,0
20141214 00:00,815.7,817.6,815.585,817.1,0
20141215 00:00,817.05,817.15,796.948,800.5,0
20141216 00:00,800.55,807.681,781.097,786.132,0
20141217 00:00,786.03,793.047,775.274,780.295,0
20141218 00:00,780.243,795.816,779.675,792.823,0
20141219 00:00,792.769,807.904,788.582,805.7,0
20141221 00:00,806.03,807.134,805.62,806.736,0
20141222 00:00,806.844,816.378,804.204,811.683,0
20141223 00:00,811.748,816.171,808.455,814.141,0
20141224 00:00,814.19,815.638,805.853,808.32,0
20141225 00:00,810.17,812.396,809.242,812.355,0
20141226 00:00,812.398,819.466,812.398,818.65,0
20141228 00:00,817.825,819.328,817.583,817.646,0
20141229 00:00,817.55,819.36,808.646,810.059,0
20141230 00:00,810.107,814.33,799.7,805.967,0
20141231 00:00,806.15,807.457,795.473,796.454,0
20150101 00:00,796.734,798.823,796.435,796.695,0
20150102 00:00,796.761,802.947,791.618,796.15,0
20150104 00:00,797.69,797.69,793.236,793.908,0
20150105 00:00,793.991,804.2,792.369,795.929,0
20150106 00:00,795.877,809.794,794.665,803.223,0
20150107 00:00,803.176,804.111,785.869,790.4,0
20150108 00:00,790.55,796.822,786.213,791.655,0
20150109 00:00,791.72,802.95,791.72,802.95,0
20150111 00:00,802.735,803.073,802.245,802.245,0
20150112 00:00,802.306,814.556,800.508,808.279,0
20150113 00:00,808.349,819.777,807.463,816.644,0
20150114 00:00,816.71,817.156,766.599,778.492,0
20150115 00:00,778.562,789.904,764.8,768.345,0
20150116 00:00,768.51,774.495,746.22,757.85,0
20150118 00:00,757.886,758.248,755.811,756.208,0
20150119 00:00,756.166,768.779,751.727,764.806,0
20150120 00:00,764.876,783.099,761.816,776.355,0
20150121 00:00,776.455,782.956,764.82,767.627,0
20150122 00:00,767.581,777.38,758.893,773.828,0
20150123 00:00,773.872,776.15,763.106,776.05,0
20150125 00:00,777.075,777.216,772.785,776.104,0
20150126 00:00,776.161,781.981,758.329,778.075,0
20150127 00:00,778.225,784.099,773.72,779.336,0
20150128 00:00,779.39,798.11,775.853,795.971,0
20150129 00:00,795.92,797.25,767.769,775.606,0
20150130 00:00,775.547,784.171,770.82,772.95,0
20150201 00:00,773.35,773.35,768.12,770.59,0
20150202 00:00,770.632,788.704,770.585,787.947,0
20150203 00:00,787.897,797.08,784.2,786.75,0
20150204 00:00,786.812,799.221,784.3,795.432,0
20150205 00:00,795.478,797.616,785.45,791.582,0
20150206 00:00,791.488,797.474,781.615,785.15,0
20150208 00:00,784.515,786.275,783.77,785.656,0
20150209 00:00,785.615,787.776,776.665,783,0
20150210 00:00,783.05,784.345,765.704,771.945,0
20150211 00:00,771.845,780.085,765.132,769.552,0
20150212 00:00,769.667,779.296,768.65,775.605,0
20150213 00:00,775.705,795.44,773.64,790.7,0
20150215 00:00,792.265,792.795,788.125,791.434,0
20150216 00:00,791.484,795.049,784.454,789.875,0
20150217 00:00,789.775,790.25,777.064,784.627,0
20150218 00:00,784.572,785.819,776.159,778.119,0
20150219 00:00,778.002,790.13,775.8,786.72,0
20150220 00:00,786.762,788.496,777.041,780.45,0
20150222 00:00,780.755,780.876,779.558,780.876,0
20150223 00:00,780.922,788.001,775.82,786.268,0
20150224 00:00,786.462,796.944,783.601,794.961,0
20150225 00:00,795.007,810.1,794.85,809.8,0
20150226 00:00,809.75,815.986,806.825,812.837,0
20150227 00:00,812.785,819.553,804.4,818.35,0
20150301 00:00,817.745,819.373,817.745,818.794,0
20150302 00:00,818.752,833.266,813.925,827.785,0
20150303 00:00,827.828,832.841,821.472,831.179,0
20150304 00:00,831.124,832.747,821.737,830.027,0
20150305 00:00,829.985,832.05,822.358,829.105,0
20150306 00:00,829.176,829.926,813.909,819.65,0
20150308 00:00,819.155,823.1,819.035,822.8,0
20150309 00:00,822.401,828.904,819.962,819.962,0
20150310 00:00,820.01,821.026,801.022,805.173,0
20150311 00:00,805.121,808.322,787.145,790.156,0
20150312 00:00,790.208,799.226,785.711,793.118,0
20150313 00:00,793.073,798.116,787.644,793.45,0
20150315 00:00,794.75,794.75,790.099,790.666,0
20150316 00:00,790.761,792.084,779.12,781.065,0
20150317 00:00,781.205,781.855,755.7,762.01,0
20150318 00:00,761.966,788.774,758.107,784.413,0
20150319 00:00,784.602,788.028,765.763,767.876,0
20150320 00:00,767.831,780.976,766.339,777.45,0
20150322 00:00,778.235,778.645,775.914,777.036,0
20150323 00:00,777.091,782.396,770.643,776.652,0
20150324 00:00,776.61,776.834,763.582,765.338,0
20150325 00:00,765.384,770.137,762.455,764.542,0
20150326 00:00,764.608,779.413,764.369,770.878,0
20150327 00:00,770.921,771.674,738.889,741.1,0
20150329 00:00,740.92,741.315,739.32,739.74,0
20150330 00:00,739.781,747.107,723.84,730.217,0
20150331 00:00,730.271,739.9,725.006,735.495,0
20150401 00:00,735.595,751.31,734.705,749.322,0
20150402 00:00,749.365,755.56,742.14,747.15,0
20150405 00:00,755.85,765.07,755.85,761.645,0
20150406 00:00,761.82,775.755,755.255,768.025,0
20150407 00:00,767.875,778.471,765.625,768.78,0
20150408 00:00,768.725,773.525,754.951,756.355,0
20150409 00:00,756.495,765.164,753.12,762.401,0
20150410 00:00,762.469,779.437,762.469,778,0
20150412 00:00,779.45,779.45,777.401,778.079,0
20150413 00:00,778.125,787.93,766.315,770.1,0
20150414 00:00,770.173,771.675,756.3,766.43,0
20150415 00:00,766.383,773.888,759.45,772.013,0
20150416 00:00,772.064,783.395,768.95,780.433,0
20150417 00:00,780.477,786.78,778.163,786.55,0
20150419 00:00,786.5,788.487,786.49,788.22,0
20150420 00:00,788.131,788.131,765.56,775.515,0
20150421 00:00,775.595,778.95,769.424,772.215,0
20150422 00:00,772.275,772.335,755.75,757.973,0
20150423 00:00,758.015,777.364,756.342,771.265,0
20150424 00:00,771.2,778.552,768.869,771.2,0
20150426 00:00,773.91,774.57,772.65,773.5,0
20150427 00:00,774,785.98,767.9,775.069,0
20150428 00:00,775.017,783.256,771.8,776.132,0
20150429 00:00,776.065,785.839,773.4,782.321,0
20150430 00:00,782.269,784.677,769.8,778.885,0
20150501 00:00,778.98,781.576,771.512,775.3,0
20150503 00:00,773.68,774.4,773.623,773.809,0
20150504 00:00,773.852,784.896,773.617,784.46,0
20150505 00:00,784.39,798.518,778.655,792.048,0
20150506 00:00,792.127,797.392,789.014,793.046,0
20150507 00:00,792.977,793.676,779.4,781.086,0
20150508 00:00,781.133,802.75,781.133,798,0
20150510 00:00,800.74,802.615,797.244,797.244,0
20150511 00:00,797.292,799.204,774.275,782.593,0
20150512 00:00,782.64,789.913,781.65,785.93,0
20150513 00:00,785.972,793.586,782.932,787.055,0
20150514 00:00,787.165,791.102,776.254,783.1,0
20150515 00:00,783.05,796.544,781.75,794.15,0
20150518 00:00,791.588,799.479,784.635,786.856,0
20150519 00:00,786.933,788.34,775.676,781.589,0
20150520 00:00,781.548,787.276,773.869,777.026,0
20150521 00:00,777.069,782.619,775.126,781.427,0
20150522 00:00,781.358,785.674,770.422,784.3,0
20150524 00:00,783.49,783.5,782.57,782.732,0
20150525 00:00,783,790.2,777.983,789.05,0
20150526 00:00,788.85,789.05,780.215,783.44,0
20150527 00:00,783.345,787.978,780.951,786.395,0
20150528 00:00,786.457,789.055,781.31,785.977,0
20150529 00:00,786.026,787.5,776.515,778.2,0
20150531 00:00,777.26,777.45,776.11,776.224,0
20150601 00:00,776.292,779.699,772.266,773.142,0
20150602 00:00,773.095,776.778,764.989,767.605,0
20150603 00:00,767.605,769.85,752.9,758.45,0
20150604 00:00,758.5,761.115,754.04,755.414,0
20150605 00:00,755.364,757.91,747.51,753.05,0
20150607 00:00,752.69,753.447,752.25,752.39,0
20150608 00:00,752.441,754.907,742.759,744.835,0
20150609 00:00,744.783,752.089,740.348,742.082,0
20150610 00:00,742.024,749.464,739.743,744.377,0
20150611 00:00,744.43,748.09,738.789,745.1,0
20150612 00:00,745.2,746.85,733.9,734.2,0
20150614 00:00,738.31,740.885,736.68,737.115,0
20150615 00:00,737.065,740.6,733.65,734.55,0
20150616 00:00,734.6,741.716,729.065,730.989,0
20150617 00:00,730.924,734.427,719.017,723.65,0
20150618 00:00,723.85,727.668,717.571,719.818,0
20150619 00:00,719.868,720.941,706.681,708.55,0
20150621 00:00,707.8,709.15,707.66,709.05,0
20150622 00:00,709.15,709.67,691.732,697.615,0
20150623 00:00,697.735,705.016,694.111,699.04,0
20150624 00:00,699.099,704.129,693.95,694.45,0
20150625 00:00,694.5,699.498,671.765,680.262,0
20150626 00:00,680.213,681.712,670.287,679.35,0
20150628 00:00,679.24,682.448,677.215,677.215,0
20150629 00:00,677.105,679.741,666.362,667.799,0
20150630 00:00,667.747,676.55,665.485,676.55,0
20150701 00:00,676.55,703.543,676.55,698.6,0
20150702 00:00,698.548,704.012,693.154,694.625,0
20150703 00:00,694.575,696.945,679.142,685.1,0
20150705 00:00,683.825,686.753,683.575,684.356,0
20150706 00:00,684.301,685.554,666.585,682.404,0
20150707 00:00,682.341,684.824,642.815,647.35,0
20150708 00:00,647.45,656.64,630.838,650.056,0
20150709 00:00,649.982,665.189,637.438,640.303,0
20150710 00:00,640.253,656.113,640.104,653.05,0
20150712 00:00,653.36,654.922,652.81,653.27,0
20150713 00:00,653.224,668.872,642.745,660.37,0
20150714 00:00,660.306,666.606,652.66,655.1,0
20150715 00:00,654.95,660.655,638.54,643.503,0
20150716 00:00,643.548,648.839,626.556,631.661,0
20150717 00:00,631.616,631.616,615.25,616,0
20150719 00:00,618.32,620.205,616.755,619.883,0
20150720 00:00,619.798,619.798,596.991,608.503,0
20150721 00:00,608.443,631.89,601.99,624.95,0
20150722 00:00,624.755,640.55,613.92,635.753,0
20150723 00:00,635.82,638.67,615.491,621.597,0
20150724 00:00,621.471,629.1,611.546,625.8,0
20150726 00:00,626.56,627.307,623.55,627.307,0
20150727 00:00,627.367,632.785,613.159,615.123,0
20150728 00:00,615.082,624.579,613.635,622.145,0
20150729 00:00,622.085,628.375,615.142,625.05,0
20150730 00:00,625.1,626.285,618.081,622.138,0
20150731 00:00,622.221,622.379,608.26,611.45,0
20150802 00:00,614.135,615.99,613.345,615.435,0
20150803 00:00,615.485,627.825,595.565,597.124,0
20150804 00:00,596.877,604.082,589.075,594.962,0
20150805 00:00,594.9,601.335,593.166,593.857,0
20150806 00:00,593.794,603.438,593.747,600.205,0
20150807 00:00,600.025,608.926,598.614,600.4,0
20150809 00:00,600.38,600.38,597.047,597.175,0
20150810 00:00,597.32,617.15,596.445,609.39,0
20150811 00:00,609.445,622.692,600.262,603.04,0
20150812 00:00,603.128,628.655,597.552,625.1,0
20150813 00:00,625.25,627.25,615.099,615.54,0
20150814 00:00,615.45,625.219,612.92,618.95,0
20150816 00:00,618.685,619.335,618.23,618.284,0
20150817 00:00,618.192,621.354,611.05,613.704,0
20150818 00:00,613.657,615.125,591.103,597.825,0
20150819 00:00,597.715,613.895,591.508,611.695,0
20150820 00:00,611.635,624.3,610.967,622.25,0
20150821 00:00,622.3,625.805,600.498,602.65,0
20150823 00:00,602.86,604.444,601.35,601.35,0
20150824 00:00,601.275,601.648,562.86,562.86,0
20150825 00:00,562.785,571.7,531.6,540.038,0
20150826 00:00,539.727,541.841,521.81,533.805,0
20150827 00:00,533.88,550.082,533.405,548.55,0
20150828 00:00,577.87,592.775,561.146,588.149,0
20150831 00:00,577.87,605.698,577.87,597.193,0
20150901 00:00,597.129,599.2,570.393,574.645,0
20150902 00:00,574.575,588.188,568.97,583.15,0
20150903 00:00,583.45,592.58,576.95,581.4,0
20150904 00:00,581.4,583.737,572.131,574.6,0
20150906 00:00,575.78,576.27,574.88,575.28,0
20150907 00:00,575.175,583.65,572.725,582.475,0
20150908 00:00,583.982,598.884,581.039,594.394,0
20150909 00:00,594.46,595.61,576.54,578.98,0
20150910 00:00,578.92,593.756,575.395,589.25,0
20150911 00:00,589.15,597.3,577.567,595.25,0
20150913 00:00,592.36,596.575,592.36,596.155,0
20150914 00:00,596.105,599.035,583.71,587.122,0
20150915 00:00,587.07,603.91,580.51,600,0
20150916 00:00,600.05,613.215,594.45,610.915,0
20150917 00:00,610.859,618.44,595.232,604.95,0
20150918 00:00,605,612.874,602.865,606.95,0
20150920 00:00,605.415,610.403,605.415,609.803,0
20150921 00:00,609.698,610.123,603.508,606.25,0
20150922 00:00,609.25,616.01,594.74,609.4,0
20150923 00:00,609.45,661.15,606.45,660.85,0
20150924 00:00,660.8,662.35,638.042,650.7,0
20150925 00:00,650.65,677.742,650.65,665.1,0
20150927 00:00,663.975,670.633,663.782,665.605,0
20150928 00:00,665.54,666.727,645.565,650.9,0
20150929 00:00,650.55,659.987,638.643,656.389,0
20150930 00:00,656.525,669.7,648.568,652.634,0
20151001 00:00,652.585,681.365,651.138,676.7,0
20151002 00:00,676.742,698.797,675.05,697.8,0
20151004 00:00,699.4,710.424,699.338,705.464,0
20151005 00:00,705.592,712.905,684.805,692.6,0
20151006 00:00,692.65,714.419,686.135,708.35,0
20151007 00:00,708.25,713.8,691.41,695.485,0
20151008 00:00,695.547,708.959,687.315,704.375,0
20151009 00:00,704.426,724.495,701.798,710.95,0
20151011 00:00,709.336,711.25,706.166,706.75,0
20151012 00:00,706.7,717.8,690.4,690.4,0
20151013 00:00,690.35,698.619,681.23,685.55,0
20151014 00:00,685.65,703.896,684.193,701.2,0
20151015 00:00,701.1,707.58,694.964,702.85,0
20151016 00:00,702.95,704.23,695.35,696,0
20151018 00:00,698.005,698.005,694.496,694.496,0
20151019 00:00,694.572,695.851,677.677,686.25,0
20151020 00:00,686.1,699.75,681.76,696.15,0
20151021 00:00,696.35,696.65,672.868,675.1,0
20151022 00:00,675.176,687.835,667.634,686.889,0
20151023 00:00,686.847,702.812,685.613,695.2,0
20151025 00:00,691.61,692.867,690.715,692.768,0
20151026 00:00,692.65,694.229,678.216,683.5,0
20151027 00:00,681.765,684.335,675.217,677.073,0
20151028 00:00,676.973,692.63,672.094,678.385,0
20151029 00:00,678.299,678.355,668.374,673.979,0
20151030 00:00,673.93,689.7,670.355,677.4,0
20151101 00:00,676.35,676.4,673.495,673.638,0
20151102 00:00,674,674.6,646.088,648.4,0
20151103 00:00,648.3,655.6,640.225,645.652,0
20151104 00:00,645.699,651.252,622.225,630.515,0
20151105 00:00,630.365,631.25,602.85,607.125,0
20151106 00:00,607.445,625.5,597.8,622.15,0
20151108 00:00,620.035,621.126,618.315,620.652,0
20151109 00:00,620.529,620.529,595.42,598.85,0
20151110 00:00,599.3,615.33,595.585,597.355,0
20151111 00:00,596.955,602.736,574.8,576.15,0
20151112 00:00,576.1,582.95,557.875,558.795,0
20151113 00:00,558.705,561.845,533.538,539.2,0
20151115 00:00,542.52,546.25,542.52,545.35,0
20151116 00:00,545.25,553.58,540.085,550.8,0
20151117 00:00,550.8,557.671,536.768,544.212,0
20151118 00:00,544.07,550.45,527.491,537.257,0
20151119 00:00,537.305,548.95,526.46,544.55,0
20151120 00:00,544.45,562.915,542.571,561.2,0
20151122 00:00,562.82,563.315,560.27,560.27,0
20151123 00:00,559.98,560.945,537.53,541.915,0
20151124 00:00,541.97,544.34,531.5,539.375,0
20151125 00:00,539.31,561.604,528.555,555.77,0
20151126 00:00,555.855,569.376,550.425,556.45,0
20151127 00:00,556.5,561.317,547.241,550.75,0
20151129 00:00,549.675,550.72,541.8,544.615,0
20151130 00:00,544.559,551.4,539.817,545.95,0
20151201 00:00,545.8,554.65,537.881,542.104,0
20151202 00:00,542.053,543.18,525.6,528.572,0
20151203 00:00,528.663,542.652,524.7,542.652,0
20151204 00:00,542.6,573.69,536.169,565.7,0
20151206 00:00,568.3,569.925,557.09,560.855,0
20151207 00:00,561.071,565.135,550,552.9,0
20151208 00:00,552.95,561.082,547.329,550.389,0
20151209 00:00,550.275,556.304,544.684,551.861,0
20151210 00:00,552.37,557.169,540.888,543.35,0
20151211 00:00,543.3,549.276,540.75,543.7,0
20151213 00:00,543.47,545.83,543.025,545.66,0
20151214 00:00,545.57,551.205,542.565,546.88,0
20151215 00:00,546.727,568.83,546.485,563.2,0
20151216 00:00,563.3,573.722,561.1,567.405,0
20151217 00:00,567.345,570.02,551.775,555.7,0
20151218 00:00,555.6,563.28,545.333,556.8,0
20151220 00:00,559.06,559.695,557.905,557.905,0
20151221 00:00,557.83,561.558,549.8,551.45,0
20151222 00:00,551.35,558.59,550.44,556.27,0
20151223 00:00,556.15,560.486,549.4,553.4,0
20151224 00:00,553.45,560.351,553.15,559.65,0
20151227 00:00,559.43,564.435,559.125,564.367,0
20151228 00:00,564.463,564.649,555.85,556.15,0
20151229 00:00,556.082,558.7,555.405,557.864,0
20151230 00:00,557.931,562.193,541.846,546.449,0
20151231 00:00,546.395,563.5,545.116,563.5,0
20160101 00:00,563,563,563,563,0
20160103 00:00,562.5,563.692,558.28,558.645,0
20160104 00:00,558.855,559.345,538.477,540.018,0
20160105 00:00,540.105,548.4,534.337,537.839,0
20160106 00:00,537.799,537.799,504.043,510.75,0
20160107 00:00,510.7,512.05,484.737,494.565,0
20160108 00:00,494.51,505.374,489.171,495.55,0
20160110 00:00,495.85,496.408,488.2,488.2,0
20160111 00:00,488.25,493.65,473.8,478.283,0
20160112 00:00,478.204,478.204,452.557,468.95,0
20160113 00:00,468.85,498.688,468.5,483.15,0
20160114 00:00,483.1,494.705,480.061,492.8,0
20160115 00:00,492.85,498.261,484.201,494.05,0
20160117 00:00,492.505,493.35,490.805,491.63,0
20160118 00:00,491.7,497.346,488.36,492.644,0
20160119 00:00,492.745,505.817,492.14,496.05,0
20160120 00:00,495.95,498.59,483.954,497.915,0
20160121 00:00,497.97,501.33,492.51,499.65,0
20160122 00:00,499.55,508.793,496.05,496.15,0
20160124 00:00,499.22,501.54,498.015,500.885,0
20160125 00:00,500.93,502.425,489.545,491.8,0
20160126 00:00,491.75,501.695,488.26,496.579,0
20160127 00:00,496.528,503.69,492.435,499,0
20160128 00:00,499.05,505.67,490.6,493.1,0
20160129 00:00,493.15,502.895,491.2,499.75,0
20160131 00:00,498.345,499.155,497.045,499.155,0
20160201 00:00,499.205,506.25,495.343,504.516,0
20160202 00:00,504.46,504.634,489.9,492.825,0
20160203 00:00,492.78,515.55,489.2,509.95,0
20160204 00:00,510,517.07,505.683,513.93,0
20160205 00:00,514.005,518.278,497.705,502.9,0
20160207 00:00,503.07,504.015,503.065,503.29,0
20160208 00:00,503.37,518.705,493.801,514.75,0
20160209 00:00,514.7,519.405,509.45,519.32,0
20160210 00:00,519.275,524.526,507.282,522.35,0
20160211 00:00,522.846,530.647,520.15,520.2,0
20160212 00:00,520.15,530.523,519.2,524.3,0
20160214 00:00,522.81,523.705,521.013,521.586,0
20160215 00:00,521.52,522.23,510.181,513.105,0
20160216 00:00,513.052,513.671,506.199,511.415,0
20160217 00:00,511.49,515.669,508.565,515.665,0
20160218 00:00,515.705,517.757,497.885,504.225,0
20160219 00:00,504.083,504.973,496.82,499.59,0
20160221 00:00,500.88,500.88,498.2,500.102,0
20160222 00:00,500.052,502.849,496.149,497.498,0
20160223 00:00,497.26,501.828,494.415,499.1,0
20160224 00:00,498.95,500.8,485.517,488.533,0
20160225 00:00,488.485,492.171,488.017,492.05,0
20160226 00:00,483.4,494.025,480.9,483.4,0
20160228 00:00,486.3,486.786,483.435,484.715,0
20160229 00:00,484.895,499,484.745,494.042,0
20160301 00:00,493.996,523.04,493.904,511.5,0
20160302 00:00,511.55,521.7,509.317,517.4,0
20160303 00:00,517.35,543.97,513.035,536.1,0
20160304 00:00,536.05,562.919,535.22,555.55,0
20160306 00:00,557.485,558.057,555.753,557.666,0
20160307 00:00,557.708,579.085,553,574.95,0
20160308 00:00,575,580,557.61,560.265,0
20160309 00:00,560.313,570.682,548.851,566.107,0
20160310 00:00,566.157,575.187,558.555,571.937,0
20160311 00:00,572.053,585.475,568.94,574.85,0
20160313 00:00,576.68,576.68,570.574,571.035,0
20160314 00:00,571.082,577.013,564.569,569.125,0
20160315 00:00,569.227,571.006,558.813,568.21,0
20160316 00:00,568.269,584.178,563.66,579.621,0
20160317 00:00,579.668,597.632,578.528,592.216,0
20160318 00:00,592.153,596.505,583.95,589.267,0
20160320 00:00,590.92,591.355,589.375,590.01,0
20160321 00:00,590.1,603.623,584.435,602.427,0
20160322 00:00,602.303,607.018,597.882,605.266,0
20160323 00:00,605.19,605.297,579.973,585.85,0
20160324 00:00,585.9,586.45,570.675,574.85,0
20160327 00:00,574.899,577.192,572.734,577.192,0
20160328 00:00,577.1,584.88,566.216,568.703,0
20160329 00:00,568.763,579.55,556.642,578.622,0
20160330 00:00,578.677,579.372,563.336,566.415,0
20160331 00:00,566.555,575.85,562.373,564.515,0
20160401 00:00,564.575,574.559,556.75,565.8,0
20160403 00:00,563.9,564.56,562.606,563.226,0
20160404 00:00,563.267,563.912,558.05,560.95,0
20160405 00:00,555.7,557.85,541.253,547.441,0
20160406 00:00,547.4,555.615,537.122,543.175,0
20160407 00:00,543.11,544.785,533.5,538.05,0
20160408 00:00,538.15,543.31,534.84,541.6,0
20160410 00:00,543.05,545.4,543.05,543.637,0
20160411 00:00,543.421,552.83,540.505,548.578,0
20160412 00:00,548.535,555.274,541.608,547.55,0
20160413 00:00,547.495,551.53,537.95,545.125,0
20160414 00:00,545.074,565.9,535.44,560.7,0
20160415 00:00,560.65,570.1,558.25,568.5,0
20160417 00:00,568.6,569.595,567,569.225,0
20160418 00:00,569.135,570.025,561.188,564.582,0
20160419 00:00,564.649,585.986,564.569,585.455,0
20160420 00:00,585.525,599.13,580.67,594.055,0
20160421 00:00,593.95,616.998,591.965,608.271,0
20160422 00:00,608.216,619.11,601.975,603.45,0
20160424 00:00,601.331,602.518,597.281,600.935,0
20160425 00:00,600.988,608.442,597.25,604.076,0
20160426 00:00,604.117,609.786,593.624,606.015,0
20160427 00:00,606.122,614.724,599.818,610.572,0
20160428 00:00,610.666,626.768,608.355,623.531,0
20160429 00:00,623.59,635.633,622.381,622.4,0
20160501 00:00,624.718,626.527,624.6,626.409,0
20160502 00:00,626.296,631.16,617.09,620.174,0
20160503 00:00,620.131,625.536,600.324,608.232,0
20160504 00:00,608.283,608.615,593.55,603.15,0
20160505 00:00,603.3,609.38,596.925,600.35,0
20160506 00:00,600.45,608.65,598.1,608.6,0
20160508 00:00,604.305,606.815,603.73,605.75,0
20160509 00:00,605.692,606.135,578.497,583.167,0
20160510 00:00,583.03,596.821,579.717,594.445,0
20160511 00:00,594.499,611.451,594.032,609.663,0
20160512 00:00,609.621,612.333,593.382,593.804,0
20160513 00:00,593.68,601.34,588.838,593.65,0
20160515 00:00,592.47,594.459,592.47,594.03,0
20160516 00:00,593.989,597.665,588.65,592.3,0
20160517 00:00,592.35,594.8,581.652,584.788,0
20160518 00:00,584.835,585.3,572.71,576.35,0
20160519 00:00,576.3,577.72,557.162,560.8,0
20160520 00:00,560.9,567.5,557.65,559.85,0
20160522 00:00,560.15,560.75,557.05,558.381,0
20160523 00:00,558.446,560.065,547.6,550.315,0
20160524 00:00,550.227,550.227,532.56,534.075,0
20160525 00:00,533.915,539.015,523.346,533.731,0
20160526 00:00,533.775,546.54,533.65,544.673,0
20160527 00:00,544.606,552.017,533.585,537.65,0
20160529 00:00,536.013,537.35,535.582,536.351,0
20160530 00:00,536.309,544.115,532.15,543.412,0
20160531 00:00,543.555,549.545,537.8,548.05,0
20160601 00:00,548.1,549.86,542.25,546.8,0
20160602 00:00,546.85,548.468,532.379,534.55,0
20160603 00:00,534.487,555.165,534.446,554.25,0
20160605 00:00,555.735,555.735,555.735,555.735,0
20160606 00:00,555.815,558.936,550.95,555.5,0
20160607 00:00,555.55,560.035,544.25,554.5,0
20160608 00:00,554.45,569.71,554.15,564.15,0
20160609 00:00,564.1,564.219,552.822,556.626,0
20160610 00:00,556.575,558.102,543.225,544.8,0
20160612 00:00,543.55,545,542.6,544.2,0
20160613 00:00,544.27,551.795,541.026,542.844,0
20160614 00:00,542.922,543.15,532.536,533.697,0
20160615 00:00,533.749,545.681,530.495,534.395,0
20160616 00:00,534.325,540.866,528.729,538.661,0
20160617 00:00,538.527,543.786,528,533.3,0
20160619 00:00,531.498,538.085,531.349,537.725,0
20160620 00:00,537.625,550.74,535.555,547.35,0
20160621 00:00,547.6,553.745,540.38,552.545,0
20160622 00:00,552.4,563.645,548.45,560.26,0
20160623 00:00,560.386,567.269,556.605,566.315,0
20160624 00:00,566.165,566.165,542.7,550.1,0
20160626 00:00,551.165,553.4,548.39,550.85,0
20160627 00:00,551.005,558.8,546.743,558.65,0
20160628 00:00,558.6,574.242,555.415,573.933,0
20160629 00:00,573.866,591.685,572.14,586.55,0
20160630 00:00,586.5,600.147,583.142,599.722,0
20160701 00:00,599.657,606.332,591.657,605.85,0
20160703 00:00,603.65,608.356,603.65,607.879,0
20160704 00:00,607.837,616.7,597.914,613.605,0
20160705 00:00,613.525,613.525,590.2,604.94,0
20160706 00:00,605.22,610.447,591.155,607.739,0
20160707 00:00,607.698,612.655,600.486,609.832,0
20160708 00:00,609.875,619.8,600.138,618.85,0
20160710 00:00,618.185,620.81,618.09,619.006,0
20160711 00:00,619.075,626.47,614.9,624.233,0
20160712 00:00,624.15,630.74,614.7,627.515,0
20160713 00:00,627.424,648.03,623.525,647.75,0
20160714 00:00,647.7,652.282,636.03,649.691,0
20160715 00:00,649.631,653.395,641.59,649.05,0
20160717 00:00,646.35,647.15,645.3,646.355,0
20160718 00:00,646.505,648.44,632.331,645.777,0
20160719 00:00,645.734,658.7,641.645,656.802,0
20160720 00:00,656.75,676.359,653.635,671.224,0
20160721 00:00,671.276,686.569,667.705,685.307,0
20160722 00:00,685.263,687.913,679.947,684.75,0
20160724 00:00,683.354,683.845,680.774,683.18,0
20160725 00:00,683.25,688.542,675.377,686.237,0
20160728 00:00,699.705,708.541,695.687,696.387,0
20160731 00:00,712.278,712.693,710.1,710.255,0
20160801 00:00,710.155,722.993,706.555,717.432,0
20160802 00:00,717.492,723.253,712.223,712.355,0
20160803 00:00,712.302,716.733,704.715,712.167,0
20160804 00:00,712.213,714.022,698.846,703.886,0
20160805 00:00,703.935,707.305,691.161,695.85,0
20160807 00:00,693.95,695.238,693.5,695.238,0
20160808 00:00,695.317,699.292,688.65,689.825,0
20160809 00:00,689.915,696.878,686.024,694.295,0
20160810 00:00,694.235,746.845,693.979,724.993,0
20160811 00:00,725.06,726.874,686.6,692.452,0
20160812 00:00,692.502,699.17,681.881,684.5,0
20160814 00:00,683.2,687.191,682.459,686.108,0
20160815 00:00,686.057,695.476,682.426,693.832,0
20160816 00:00,693.876,706.055,691.125,701.385,0
20160817 00:00,701.45,702.395,686.543,698.052,0
20160818 00:00,698.11,718.395,697.912,708.396,0
20160819 00:00,708.34,711.1,704.511,710,0
20160821 00:00,708.65,708.97,705.954,707.441,0
20160822 00:00,707.509,708.207,690.312,690.85,0
20160823 00:00,690.95,702.65,683.097,698.475,0
20160824 00:00,698.59,701.505,679.822,683.547,0
20160825 00:00,683.504,689.6,680.643,689.166,0
20160826 00:00,689.225,702.12,682.5,688.1,0
20160828 00:00,687.2,690.46,686.065,688.665,0
20160829 00:00,688.72,699.197,682.84,698.682,0
20160830 00:00,698.733,701.513,673.42,679.643,0
20160831 00:00,679.703,688.84,667.986,674.914,0
20160901 00:00,674.853,676.78,656.35,666.689,0
20160902 00:00,666.743,679.1,664.782,678.75,0
20160904 00:00,677.925,677.933,675.4,675.565,0
20160905 00:00,675.612,681.579,674.859,678.966,0
20160906 00:00,678.879,700.637,678.067,698.371,0
20160907 00:00,698.446,709.85,687.182,689.859,0
20160908 00:00,689.917,697.546,682.974,687.35,0
20160909 00:00,687.304,691.801,674.194,674.85,0
20160911 00:00,674.735,676.402,674.539,675.953,0
20160912 00:00,675.883,675.883,653.27,667.05,0
20160913 00:00,667.2,669.15,651.395,656.717,0
20160914 00:00,656.795,662.551,652.35,656.846,0
20160915 00:00,656.773,662.1,652.13,656.583,0
20160916 00:00,656.647,676.937,651.82,672.15,0
20160918 00:00,672.7,674.35,671.6,673.85,0
20160919 00:00,673.8,694.165,672.2,681.65,0
20160920 00:00,681.6,690.314,678.39,683.75,0
20160921 00:00,683.8,694.752,675.55,684.2,0
20160922 00:00,684.15,701.29,683.95,693.45,0
20160923 00:00,693.55,706.3,690.53,700.8,0
20160925 00:00,700.77,701.033,700.686,701.033,0
20160926 00:00,700.979,701.061,687.302,694.675,0
20160927 00:00,694.72,702.663,691.62,701.339,0
20160928 00:00,701.294,716.689,699.205,716.049,0
20160929 00:00,716.098,722.283,709.835,715.468,0
20160930 00:00,715.386,726.85,714.37,721.65,0
20161002 00:00,723.15,723.15,720.04,721.48,0
20161003 00:00,721.388,725.962,707.421,712.45,0
20161004 00:00,712.534,714.3,696.848,697.35,0
20161005 00:00,697.5,702.6,675.251,679.93,0
20161006 00:00,679.86,681.19,661.78,668.4,0
20161007 00:00,668.5,679.098,662.015,669.4,0
20161009 00:00,668.574,676.978,668.574,676.265,0
20161010 00:00,676.212,676.935,662.1,670.857,0
20161011 00:00,670.967,671.88,646.335,647.529,0
20161012 00:00,647.576,656.45,646.083,648,0
20161013 00:00,648.05,649.35,636.195,637.118,0
20161014 00:00,637.059,649.667,631.4,645.4,0
20161016 00:00,644.9,646.955,643.2,646.475,0
20161017 00:00,646.42,655.075,634.66,640,0
20161018 00:00,639.95,647.869,636.85,639.419,0
20161019 00:00,639.373,645.04,634.903,638.176,0
20161020 00:00,638.107,640.722,626.313,630.957,0
20161021 00:00,630.908,630.908,615.224,623.55,0
20161023 00:00,621.7,621.89,617.061,620.651,0
20161024 00:00,620.735,634.871,620.735,633.939,0
20161025 00:00,633.891,643.176,633.448,634.559,0
20161026 00:00,634.496,639.801,619.08,623.85,0
20161027 00:00,623.8,626.95,611.318,613.61,0
20161028 00:00,613.659,623.43,611.011,619.9,0
20161030 00:00,623.067,623.79,619.034,619.7,0
20161031 00:00,619.779,622.442,611.057,620.587,0
20161101 00:00,620.638,636.184,619.008,629.805,0
20161102 00:00,629.851,636.126,627.744,630.584,0
20161103 00:00,630.634,632.597,617.087,617.987,0
20161104 00:00,618.029,635.271,618.029,627.503,0
20161106 00:00,622.029,626.949,621.177,622.141,0
20161107 00:00,622.097,657.865,622.048,653.402,0
20161108 00:00,653.259,669.089,645.516,665.288,0
20161109 00:00,665.339,684.701,652.763,674.559,0
20161110 00:00,674.739,698.493,674.739,693.677,0
20161111 00:00,693.845,698.639,669.997,676,0
20161113 00:00,677.359,677.786,675.375,675.781,0
20161114 00:00,675.736,701.338,668.931,698.531,0
20161115 00:00,698.483,709.398,691.608,709.189,0
20161116 00:00,709.236,721.591,693.075,716.309,0
20161117 00:00,716.263,735.358,713.447,726.858,0
20161118 00:00,726.916,729.778,704.44,725.15,0
20161120 00:00,726.081,726.081,722.974,723.132,0
20161121 00:00,723.073,733.192,723.04,727.848,0
20161122 00:00,727.914,749.692,727.914,743.265,0
20161123 00:00,743.217,745.985,725.005,735.276,0
20161124 00:00,735.191,741.147,730.317,734.681,0
20161125 00:00,734.728,744.859,725.738,744.46,0
